Gender,Cambridge Car Memory Test (CFMT)
Male,NaN
Female,NaN
Female,NaN
Female,NaN
Female,NaN
Female,NaN
Female,NaN
Female,NaN
Female,NaN
Male,NaN
Female,NaN
Female,NaN
Male,NaN
Female,NaN
Male,NaN
Male,NaN
Female,NaN
Female,NaN
Female,NaN
Male,NaN
Male,NaN
Male,NaN
Female,NaN
Female,NaN
Male,NaN
Male,NaN
Female,NaN
Female,NaN
Male,NaN
Female,NaN
Male,NaN
Male,NaN
Female,NaN
Female,NaN
Female,NaN
Female,NaN
Male,NaN
Female,NaN
Female,NaN
Female,NaN
Male,NaN
Female,NaN
Male,NaN
Female,NaN
Female,NaN
Female,NaN
Male,NaN
Female,NaN
Male,NaN
Female,NaN
Male,NaN
Female,NaN
Male,NaN
Female,NaN
Male,NaN
Female,NaN
Female,NaN
Male,NaN
Female,NaN
Male,NaN
Male,NaN
Female,NaN
Female,NaN
Female,NaN
Male,NaN
Male,NaN
Female,NaN
Female,NaN
Female,NaN
Female,NaN
Male,NaN
Male,NaN
Female,NaN
Male,NaN
Female,NaN
Male,NaN
Female,NaN
Male,NaN
Female,NaN
Male,NaN
Female,NaN
Male,NaN
Male,NaN
Male,NaN
Male,NaN
Female,NaN
Male,NaN
Male,NaN
Female,NaN
Female,NaN
Female,NaN
Male,NaN
Female,NaN
Female,NaN
Female,NaN
Male,NaN
Female,NaN
Male,NaN
Female,NaN
Female,NaN
Male,NaN
Male,NaN
Female,NaN
Female,NaN
Male,NaN
Female,NaN
Female,NaN
Male,NaN
Female,NaN
Female,NaN
Male,NaN
Female,NaN
Male,NaN
Male,NaN
Female,NaN
Male,NaN
Male,NaN
Male,NaN
Female,NaN
Male,NaN
Female,NaN
Female,NaN
Female,NaN
Female,NaN
Female,NaN
Male,NaN
Female,NaN
Female,NaN
Female,NaN
Male,NaN
Female,NaN
Male,NaN
Male,NaN
Female,NaN
Male,NaN
Male,NaN
Female,NaN
Female,NaN
Female,NaN
Male,NaN
Male,NaN
Female,NaN
Female,NaN
Female,NaN
Female,NaN
Female,NaN
Male,NaN
Female,NaN
Female,NaN
Male,NaN
Male,NaN
Male,NaN
Female,NaN
Female,NaN
Female,NaN
Female,NaN
Female,NaN
Male,NaN
Male,NaN
Female,NaN
Male,NaN
Female,NaN
Female,NaN
Female,NaN
Male,NaN
Male,NaN
Male,NaN
Male,NaN
Male,NaN
Female,NaN
Female,NaN
Male,NaN
Male,NaN
Male,NaN
Female,NaN
Male,NaN
Female,NaN
Male,NaN
Female,NaN
Male,NaN
Female,NaN
Female,NaN
Female,NaN
Female,NaN
Male,NaN
Female,NaN
Male,NaN
Female,NaN
Female,NaN
Female,NaN
Male,NaN
Male,NaN
Female,NaN
Female,NaN
Male,NaN
Female,NaN
Female,NaN
Male,NaN
Female,NaN
Female,NaN
Male,NaN
Male,NaN
Female,NaN
NaN,NaN
Male,NaN
Female,NaN
Male,NaN
Male,NaN
Female,NaN
Male,NaN
Female,NaN
Male,NaN
Male,NaN
Male,NaN
Male,NaN
Male,NaN
Male,NaN
Male,NaN
Female,NaN
Female,NaN
Female,NaN
Male,NaN
Male,NaN
Female,NaN
Male,NaN
Female,NaN
Female,NaN
Male,NaN
Female,NaN
Female,NaN
Female,NaN
Male,NaN
Male,NaN
Male,NaN
Male,NaN
Male,NaN
Male,NaN
Male,NaN
Female,NaN
Female,NaN
Female,NaN
Female,NaN
Male,NaN
Male,NaN
Male,NaN
Female,NaN
Female,NaN
Female,NaN
Female,NaN
Male,NaN
Female,NaN
Male,NaN
Female,NaN
Male,NaN
Female,NaN
NaN,NaN
Female,NaN
Female,NaN
Female,NaN
Male,NaN
NaN,NaN
Male,NaN
Female,NaN
Female,NaN
Male,NaN
Male,NaN
Female,NaN
Male,NaN
Male,NaN
Female,NaN
Female,NaN
Male,NaN
Female,NaN
Female,NaN
Male,NaN
Male,NaN
Female,NaN
Female,NaN
Female,NaN
Male,NaN
Male,NaN
Female,NaN
Male,NaN
Male,NaN
Male,NaN
Male,NaN
Male,NaN
Female,NaN
Female,NaN
Male,NaN
Female,NaN
Male,NaN
Male,NaN
Female,NaN
Female,NaN
Male,NaN
Female,NaN
Male,NaN
Female,NaN
Female,NaN
Female,NaN
Female,NaN
Female,NaN
Female,NaN
Male,NaN
Male,NaN
Female,NaN
Female,NaN
Female,NaN
Female,NaN
Male,NaN
Male,NaN
Female,NaN
Male,NaN
Female,NaN
Male,NaN
Female,NaN
Female,NaN
Female,NaN
Female,NaN
Female,NaN
Female,NaN
Female,NaN
Female,NaN
Male,NaN
Male,NaN
Female,NaN
Female,NaN
Male,NaN
Female,NaN
Male,NaN
Male,NaN
Male,NaN
NaN,NaN
Male,NaN
Male,NaN
Female,NaN
NaN,NaN
Female,NaN
Female,NaN
Female,NaN
Male,NaN
Female,NaN
Male,NaN
Male,NaN
Female,NaN
Male,NaN
Male,NaN
Female,NaN
Female,NaN
Male,NaN
Female,NaN
Female,NaN
Female,NaN
Male,NaN
Female,NaN
Female,NaN
Female,NaN
NaN,NaN
Female,NaN
Female,NaN
Female,NaN
Female,NaN
Male,NaN
Female,NaN
Male,NaN
Male,NaN
Female,NaN
Male,NaN
Female,NaN
Male,NaN
Female,NaN
Female,NaN
Female,NaN
Female,NaN
Female,NaN
Female,NaN
Female,NaN
Female,NaN
Female,NaN
Male,NaN
Male,NaN
Female,NaN
Female,NaN
Male,NaN
Female,NaN
Male,NaN
Female,NaN
Male,NaN
Male,NaN
Female,NaN
Female,NaN
Female,NaN
Female,NaN
Female,NaN
Female,NaN
Female,NaN
Female,NaN
Female,NaN
Female,NaN
Male,NaN
Female,NaN
Female,NaN
Male,NaN
Female,NaN
Male,NaN
Female,NaN
Female,NaN
Female,NaN
Female,NaN
Female,NaN
Female,NaN
Female,NaN
Male,NaN
Female,NaN
Male,NaN
Female,NaN
Female,NaN
Male,NaN
Male,NaN
Male,NaN
Female,NaN
Male,NaN
Male,NaN
Female,NaN
Female,NaN
Female,NaN
Female,NaN
Male,NaN
Male,NaN
Female,NaN
Male,NaN
Female,NaN
Male,NaN
Male,NaN
Male,NaN
Female,NaN
Male,NaN
Male,NaN
Female,NaN
Male,NaN
Female,NaN
Male,NaN
Male,NaN
Male,NaN
Female,NaN
Female,NaN
Female,NaN
Female,NaN
Female,NaN
Male,NaN
Female,NaN
Female,NaN
Female,NaN
Female,NaN
Male,NaN
Female,NaN
Male,NaN
Male,NaN
Female,NaN
Male,NaN
Female,NaN
Male,NaN
Female,NaN
Male,NaN
Male,NaN
Female,NaN
Female,NaN
Female,NaN
Male,NaN
Female,NaN
Male,NaN
Male,NaN
Female,NaN
Female,NaN
Male,NaN
Male,NaN
Male,NaN
Male,NaN
Female,NaN
Male,NaN
Female,NaN
Male,NaN
Male,NaN
Male,NaN
Female,NaN
Male,NaN
Female,NaN
Male,NaN
Male,NaN
Male,NaN
Female,NaN
Female,NaN
Male,NaN
Male,NaN
Female,NaN
Male,NaN
Male,NaN
Male,NaN
Male,NaN
Female,NaN
Male,NaN
Female,NaN
Male,NaN
Male,NaN
Female,NaN
Female,NaN
Male,NaN
Male,NaN
Male,NaN
Female,NaN
Female,NaN
Male,NaN
Male,NaN
Female,NaN
Male,NaN
Female,NaN
Male,NaN
Male,NaN
Male,NaN
Female,NaN
Male,NaN
Female,NaN
Female,NaN
Female,NaN
Male,NaN
Female,NaN
Male,NaN
Male,NaN
Female,NaN
Male,NaN
Female,NaN
Male,NaN
Female,NaN
Male,NaN
Male,NaN
Female,NaN
Female,NaN
Male,NaN
Female,NaN
Male,NaN
Male,NaN
Female,NaN
Female,NaN
Female,NaN
Female,NaN
Male,NaN
Male,NaN
Male,NaN
Female,NaN
Male,NaN
Male,NaN
Female,NaN
Female,NaN
Male,NaN
Male,NaN
Male,NaN
Male,NaN
Male,NaN
Male,NaN
Female,NaN
Male,NaN
Female,NaN
Male,NaN
Male,NaN
Female,NaN
Female,NaN
Male,NaN
Female,NaN
Female,NaN
Female,NaN
Male,NaN
Female,NaN
Female,NaN
Female,NaN
Male,NaN
Male,NaN
Male,NaN
Female,NaN
Male,NaN
Female,NaN
Male,NaN
Male,NaN
Male,NaN
Male,NaN
Female,NaN
Male,NaN
Female,NaN
Male,NaN
Male,NaN
Female,NaN
Male,NaN
Female,NaN
Female,NaN
Female,NaN
Male,NaN
Male,NaN
Male,NaN
Male,NaN
Female,NaN
Female,NaN
Male,NaN
Male,NaN
Male,NaN
Female,NaN
Male,NaN
Male,NaN
Female,NaN
Female,NaN
Female,NaN
Female,NaN
Female,NaN
Female,NaN
Female,NaN
Male,NaN
Male,NaN
Female,NaN
Female,NaN
Female,NaN
Male,NaN
Male,NaN
Female,NaN
Male,NaN
Male,NaN
Female,NaN
Male,NaN
Male,NaN
Female,NaN
Male,NaN
NaN,NaN
Female,NaN
Female,NaN
Male,NaN
Female,NaN
Female,NaN
Female,NaN
Female,NaN
Male,NaN
Male,NaN
Female,NaN
Male,NaN
Male,NaN
Male,NaN
Female,NaN
Female,NaN
Female,NaN
Female,NaN
Male,NaN
Male,NaN
Female,NaN
Male,NaN
Male,NaN
Female,NaN
Female,NaN
Female,NaN
Male,NaN
Male,NaN
Male,NaN
Male,NaN
Female,NaN
Male,NaN
Female,NaN
Male,NaN
Male,NaN
Female,NaN
Female,NaN
Male,NaN
Male,NaN
Female,NaN
Female,NaN
Female,NaN
Male,NaN
Female,NaN
Male,NaN
Female,NaN
Male,NaN
Female,NaN
Female,NaN
Female,NaN
Male,NaN
Male,NaN
Female,NaN
Female,NaN
Male,NaN
Female,NaN
Female,NaN
Female,NaN
Female,NaN
Female,NaN
Female,NaN
Female,NaN
Female,NaN
Female,NaN
Female,NaN
Male,NaN
Male,NaN
Male,NaN
Female,NaN
Male,NaN
Male,NaN
Female,NaN
Male,NaN
Male,NaN
Female,NaN
Male,NaN
Male,NaN
Male,NaN
Female,NaN
Male,NaN
Female,NaN
Female,NaN
Female,NaN
Female,NaN
Female,NaN
Female,NaN
NaN,NaN
Male,NaN
Female,NaN
Female,NaN
Female,NaN
Female,NaN
Female,NaN
Male,NaN
Female,NaN
Female,NaN
Female,NaN
Female,NaN
Female,NaN
Male,NaN
Male,NaN
Female,NaN
Female,NaN
Male,NaN
Female,NaN
Female,NaN
Female,NaN
Female,NaN
Female,NaN
Female,NaN
Female,NaN
Female,NaN
Female,NaN
Female,NaN
Female,NaN
Female,NaN
Male,NaN
Female,NaN
Female,NaN
Female,NaN
Male,NaN
Female,NaN
Male,NaN
Female,NaN
Female,NaN
Female,NaN
Female,NaN
NaN,NaN
Female,NaN
Male,NaN
Female,NaN
Female,NaN
Female,NaN
Male,NaN
Female,NaN
Female,NaN
Male,NaN
Female,NaN
Female,NaN
Female,NaN
Female,NaN
Female,NaN
Male,NaN
Female,NaN
Male,NaN
Female,NaN
Female,NaN
Female,NaN
Male,NaN
Female,NaN
Female,NaN
Male,NaN
Female,NaN
Female,NaN
Female,NaN
Male,NaN
Male,NaN
Female,NaN
Female,NaN
Male,NaN
Female,NaN
Female,NaN
Female,NaN
Female,NaN
Female,NaN
Female,NaN
Female,NaN
Female,NaN
Female,NaN
Female,NaN
Male,NaN
Male,NaN
Female,NaN
Male,NaN
Female,NaN
Male,NaN
Female,NaN
Male,NaN
Male,NaN
Male,NaN
Male,NaN
Female,NaN
NaN,NaN
Male,NaN
Female,NaN
Male,NaN
Female,NaN
Male,NaN
Female,NaN
Male,NaN
Female,NaN
Male,NaN
Female,NaN
Female,NaN
NaN,NaN
Female,NaN
Female,NaN
Female,NaN
Female,NaN
Female,NaN
Male,NaN
Female,NaN
Male,NaN
Male,NaN
Female,NaN
Male,NaN
Male,NaN
Male,NaN
Female,NaN
Male,NaN
Male,NaN
Male,NaN
Female,NaN
Male,NaN
Male,NaN
Male,NaN
Male,NaN
Female,NaN
Female,NaN
Female,NaN
Male,NaN
Female,NaN
Female,NaN
Female,NaN
NaN,NaN
Female,NaN
Female,NaN
Male,NaN
Female,NaN
Male,NaN
Male,NaN
Female,NaN
Female,NaN
Female,NaN
Male,NaN
Female,NaN
Male,NaN
Female,NaN
Male,NaN
Male,NaN
Male,NaN
Female,NaN
Female,NaN
Male,NaN
Male,NaN
Male,NaN
Female,NaN
Male,NaN
Female,NaN
Male,NaN
Male,NaN
Male,NaN
Male,NaN
Male,NaN
Female,NaN
Female,NaN
Female,NaN
Female,NaN
Female,NaN
Male,NaN
Male,NaN
Male,NaN
Male,NaN
Male,NaN
Male,NaN
Female,NaN
Female,NaN
Female,NaN
Male,NaN
Female,NaN
Male,NaN
Female,NaN
Female,NaN
Male,NaN
Female,NaN
Male,NaN
Female,NaN
Female,NaN
Female,NaN
Male,NaN
Male,NaN
Female,NaN
Male,NaN
Female,NaN
Male,NaN
Male,NaN
Female,NaN
Female,NaN
Male,NaN
Male,NaN
Female,NaN
Male,NaN
Male,NaN
Male,NaN
Female,NaN
Male,NaN
Female,NaN
Female,NaN
Male,NaN
Female,NaN
Female,NaN
Male,NaN
Female,NaN
Male,NaN
Male,NaN
Female,NaN
Female,NaN
Female,NaN
Female,NaN
Female,NaN
Female,NaN
Male,NaN
Female,NaN
Male,NaN
Female,NaN
Female,NaN
NaN,NaN
Male,NaN
Female,NaN
Male,NaN
Male,NaN
Female,NaN
Female,NaN
Female,NaN
Female,NaN
Male,NaN
Female,NaN
Male,NaN
Male,NaN
Female,NaN
Male,NaN
Female,NaN
Female,NaN
Male,NaN
Female,NaN
Female,NaN
Male,NaN
Female,NaN
Male,NaN
Female,NaN
Female,NaN
Female,NaN
Female,NaN
Male,NaN
Male,NaN
Female,NaN
Female,NaN
Male,NaN
Female,NaN
Male,NaN
Female,NaN
Male,NaN
Female,NaN
Male,NaN
Male,NaN
Female,NaN
Female,NaN
Male,NaN
Female,NaN
Female,NaN
Male,NaN
Male,NaN
Female,NaN
Female,NaN
Male,NaN
Male,NaN
Female,NaN
Female,NaN
Female,NaN
Male,NaN
Female,NaN
Female,NaN
Female,NaN
Female,52
Male,53
Female,50
Male,50
Male,33
Male,66
Male,56
Male,67
Female,54
Female,47
Male,64
Male,59
Male,54
Male,66
Male,60
Female,51
Female,58
Male,53
Female,69
Male,64
NaN,51
Female,44
Male,53
Female,38
Female,63
Male,55
Male,69
Male,66
Female,50
Female,51
Male,64
Female,60
Female,53
Male,68
Male,64
Female,60
Male,47
Female,43
Female,58
Female,61
Female,51
Female,43
Male,63
Female,61
Female,60
Male,71
Male,62
Female,63
Male,69
Male,67
Female,49
Male,43
Male,54
Male,67
Male,70
Female,43
Male,54
Male,60
Female,53
Female,56
Male,53
Female,58
Male,44
Female,60
Female,63
Male,69
Male,63
Male,54
Female,41
Male,53
Female,51
Female,58
Female,46
Female,65
Female,55
Male,66
Female,47
Female,50
Female,43
Male,67
Female,48
Female,42
Male,42
Male,68
Female,63
Female,57
Female,55
Male,71
Female,48
Female,56
Male,49
Male,51
Female,59
Female,56
Female,50
Female,39
Male,67
Female,49
Female,53
Female,39
Male,50
Female,40
Female,51
Male,66
Female,52
Male,68
Male,68
Female,51
Male,62
Female,40
Female,64
Female,43
Male,59
Female,47
Male,57
Male,60
Female,45
Female,52
Female,54
Female,59
Male,38
Female,57
Female,48
Male,51
Male,71
Female,56
Male,52
Female,66
Female,43
Female,48
Female,55
Female,55
Female,47
Male,61
Female,40
Female,46
Female,43
Female,63
Male,72
Male,66
Female,46
Female,41
Male,51
Female,46
Female,49
Female,50
Female,47
Female,57
Male,62
Male,62
Female,51
Female,45
Female,54
Female,63
Male,60
Male,53
Female,48
Male,59
Female,56
Male,71
Female,46
Male,62
Male,50
Male,59
Female,46
Male,53
Female,54
Female,49
Female,56
Female,62
Female,33
Female,63
Male,68
Male,60
Female,59
Female,47
Female,54
Female,52
Female,55
Female,65
Male,65
Female,52
Female,57
Male,71
Female,44
Female,50
Male,66
Female,41
Female,54
Male,61
Male,66
Male,64
Male,46
Female,51
Female,68
Male,65
Male,53
Male,67
Female,56
Female,44
Female,44
Male,50
Female,54
Female,59
Male,44
Female,52
Female,61
Female,58
Female,44
Male,31
Male,69
Female,65
Female,40
Female,55
Male,70
Male,71
Female,49
Female,39
Male,51
Female,64
Female,53
Male,51
Female,57
Female,53
Male,72
Female,58
Male,62
Female,47
Female,41
Male,55
Female,58
Female,63
Female,51
Female,58
Male,56
Female,37
Female,48
Female,40
Male,71
Female,52
Female,49
Female,59
Female,51
Male,62
Male,70
Male,51
Male,39
Female,42
Female,55
Male,65
Male,47
Female,47
Male,48
Male,42
Male,70
Male,69
Female,52
Female,35
Female,58
Female,47
Male,57
Female,50
Male,49
Male,67
Male,51
Female,50
Female,60
Male,54
Female,60
Male,72
Male,59
Male,64
Female,61
Female,46
Male,72
Male,70
Male,55
Female,41
Female,41
Male,51
Male,54
Male,42
Female,38
Male,62
Female,57
Female,35
Male,66
Male,69
Male,53
Male,67
Male,71
Male,42
Male,63
Male,64
Female,53
Female,51
Female,49
Male,68
Female,58
Male,51
Female,38
Male,52
Female,55
Female,44
Female,59
Female,51
Female,50
Female,45
Male,70
NaN,70
Male,65
Male,64
Male,62
Female,44
Female,38
Female,65
Male,50
Male,55
Male,43
Male,70
Female,48
Female,59
Female,66
Female,53
Female,49
Male,56
Male,65
Male,55
NaN,46
Female,59
Male,51
Female,58
Female,61
Female,62
Male,35
Male,68
Female,57
Female,56
Male,66
Female,36
Male,56
Male,45
Female,53
Male,58
Male,64
Male,57
Female,44
Female,59
Female,53
Male,62
Male,63
Female,44
Female,53
Female,57
Female,54
Female,59
Female,57
Female,55
Female,58
Female,62
Female,52
Male,54
Female,50
Female,57
Male,67
Female,61
Male,60
Female,47
Female,48
Male,63
Female,37
Female,48
Male,44
NaN,60
Female,54
Male,57
Male,60
Male,68
Female,60
Female,56
Male,69
Male,59
Female,51
Female,53
Male,59
Female,52
Female,55
Male,52
Male,61
Female,62
Female,44
Female,62
Female,50
Male,41
Female,58
Male,62
Female,60
Male,43
Female,54
Male,63
Male,57
Female,58
Male,71
Female,46
Male,46
Male,31
Female,61
Male,50
Female,57
Female,35
Female,51
Female,44
Male,69
NaN,33
Male,68
Male,66
Female,45
Male,66
Female,53
Female,46
Female,62
Female,51
Male,66
Male,70
Male,50
Female,58
Male,41
Female,56
Male,63
Female,46
Male,63
Male,59
Male,37
Female,45
Female,64
Male,71
Male,53
Male,65
Female,57
Male,70
Female,51
Female,60
Male,72
Male,61
Male,57
Male,42
Female,41
Female,43
Female,61
Male,53
Female,57
Female,42
Male,45
Male,62
Male,66
Female,65
Female,50
Male,60
Female,42
Female,58
Female,59
Female,59
Male,71
Male,72
Male,71
Female,40
Female,62
Female,45
Female,60
Male,69
Male,67
Female,48
Male,71
Male,65
Male,54
Female,59
Male,47
Male,65
Female,46
Female,56
Female,69
Male,59
Male,65
Female,42
Male,51
Female,55
Male,58
Male,71
Female,45
Male,66
Female,54
Female,56
Female,25
Female,46
Male,72
Male,71
Male,67
Male,57
Female,61
Male,66
Female,50
Female,46
Male,57
Male,59
Male,49
Female,53
Female,47
Male,58
Female,66
Female,66
Male,69
Male,67
Male,68
Male,47
Female,48
Male,70
Male,71
Female,53
Female,52
Male,70
Male,53
Male,52
Female,49
Female,56
Male,46
Female,52
Female,54
Female,47
Male,52
Female,65
Male,53
Male,66
Female,60
Female,57
Male,65
Male,72
Male,64
Female,41
Male,38
Male,63
Female,59
Male,34
Male,71
Male,63
Female,41
Male,44
Female,60
Male,42
Male,72
Male,54
Female,50
Female,44
Female,40
Female,48
Female,52
Female,48
Male,52
Male,64
Female,46
Male,66
Female,46
Male,44
Female,50
Female,64
Female,55
Female,48
Female,51
Male,52
Female,49
Female,62
Female,61
Female,46
Male,49
Female,40
Female,66
Male,71
Female,51
Female,50
Female,53
Male,68
Female,54
Female,66
Male,47
Female,65
Female,63
Male,72
Female,41
Male,51
Female,42
Female,43
Female,49
Female,56
Male,58
Female,52
Male,67
Male,54
Male,72
Male,48
Female,65
Male,44
Female,58
Female,58
Female,52
Female,48
Female,47
Female,46
Male,64
Male,41
Female,55
Female,59
Male,46
Male,56
Female,42
Female,51
Male,58
Female,41
Male,57
Male,67
Female,59
Female,63
Female,62
Male,41
Male,43
Male,61
Female,58
Male,58
Male,53
Female,64
Male,68
Female,55
Female,47
Male,71
Male,48
Male,72
Male,62
Female,44
Male,40
Female,49
Female,40
Female,45
Female,53
Male,46
Female,47
Female,58
Female,45
Female,52
Male,60
Female,50
Female,38
Female,65
Male,70
Female,50
Female,38
Male,64
Female,63
Male,48
Male,69
Male,72
NaN,63
Female,56
Male,55
Male,38
Female,40
Male,52
Male,30
Female,57
Male,71
Male,56
Female,51
Female,61
Female,51
Female,57
Female,48
Male,61
Male,51
Female,31
Male,52
Male,56
Female,41
Male,46
Female,57
Female,48
Female,46
Male,43
Male,64
Male,69
Female,55
Male,62
Male,56
Female,60
Female,58
Female,42
Male,68
Male,61
Male,71
Female,65
Female,64
Male,71
Male,41
Female,31
Female,61
Female,51
Female,35
Female,56
Male,54
Female,45
Female,48
Male,61
Female,65
Female,57
Female,31
Female,62
Female,51
Female,41
Female,30
Male,57
Female,61
Female,51
Male,64
Female,56
Female,47
Male,55
Female,60
Male,66
Female,64
Male,51
Female,56
Male,60
Female,48
Male,39
Female,48
Female,56
Female,52
Female,41
Male,49
Female,66
Female,59
Male,67
Female,49
Female,52
Female,52
Male,71
Male,64
Male,41
Male,48
Female,49
Female,39
Female,47
Female,30
Female,43
Female,45
Female,62
Female,69
Male,72
Male,67
Male,41
Female,48
Male,67
Female,58
Female,54
Female,61
Male,59
Male,47
Male,47
Male,45
Female,67
Male,66
Female,43
Female,60
Female,47
Female,48
Female,61
Female,49
Female,56
Female,60
Male,59
Male,62
Female,57
Male,57
Male,51
Female,55
Male,65
Female,53
Male,62
Male,49
Male,61
Female,57
Female,44
Female,45
Female,49
Female,58
Male,66
Female,52
Female,57
Female,57
Female,56
Female,57
Male,65
Male,58
Female,36
Male,70
Female,44
Male,44
Male,54
Female,51
Male,55
Female,50
Male,40
Female,62
Male,36
Male,55
Female,47
Male,63
Female,65
Female,60
Male,61
Female,61
Male,53
Male,61
Male,46
Female,56
Female,56
Female,47
Male,72
Male,33
Male,55
Male,64
Female,46
Female,43
Male,41
Female,50
Female,50
Female,55
Male,47
Male,71
Female,61
Female,38
Male,52
Female,52
Male,69
Female,41
Male,63
Female,56
Male,58
Female,55
Female,62
Female,55
Male,60
Male,59
Male,72
Male,64
Female,62
Female,49
Female,49
Female,70
Female,64
Male,45
Male,71
Female,48
Female,44
Female,39
Female,48
Male,66
Male,41
Male,55
Female,34
Female,60
Female,66
Female,51
Female,52
Male,61
Female,50
Male,67
Female,55
Female,43
Female,28
Male,65
Male,37
Female,41
Female,63
Female,57
Female,46
Female,41
Female,58
Female,47
Female,48
Male,63
Female,40
NaN,47
Female,45
Female,54
Female,50
Male,54
Male,43
Female,51
Female,42
Male,46
Male,43
Male,60
Female,58
Female,61
Female,68
Female,54
Female,53
Male,55
Male,33
Female,48
Male,68
Female,53
Female,45
Male,46
Male,67
Male,47
Female,52
Female,51
Female,58
Male,63
Female,53
Female,29
Female,59
Male,67
Female,42
Female,67
Male,67
Female,54
NaN,45
Male,55
Male,59
Female,62
Female,57
Male,36
Male,42
Male,54
Female,53
Male,65
Male,61
Male,61
Female,57
Male,56
Female,38
Female,55
Female,67
Female,49
Female,49
Female,58
Female,26
Male,61
Male,57
Male,60
Female,29
Female,38
Male,68
Male,39
Female,44
Female,48
Female,31
Female,34
Female,56
Male,55
Female,53
Female,63
Male,47
Female,50
Female,51
Male,37
Female,68
Female,45
Female,48
Female,54
Male,53
Female,47
Female,32
Female,54
Male,63
Male,56
Male,46
Female,51
Female,41
Male,56
Female,40
Male,69
Female,46
Female,54
Female,39
Female,35
Female,44
Male,40
Male,60
Female,43
Female,42
Male,43
Female,45
Male,62
Female,32
Female,40
Female,60
Female,48
Male,64
Female,66
Male,49
Male,53
Female,36
Female,69
Female,60
Female,52
Female,54
Female,67
Male,69
Female,54
Female,56
Female,40
Male,62
Female,58
Female,33
Female,56
Female,42
Female,69
Male,28
Male,64
Female,48
Female,58
Female,48
Male,58
Female,52
Female,63
Female,59
Female,38
Female,62
Male,55
Female,51
Female,44
Female,48
Female,52
Female,44
Male,43
Male,48
Male,54
Female,56
Male,43
Male,55
Female,56
Female,44
Male,43
Female,51
Female,41
Female,48
Female,41
Male,40
Female,64
Female,41
Female,59
Female,24
Female,56
Female,42
Female,52
Female,45
Female,62
Female,41
Male,45
Female,35
Male,42
Female,32
Male,62
Male,57
Female,52
Male,71
Female,35
Male,58
Female,51
Male,40
Female,38
Male,59
Male,52
Male,43
Male,53
Male,49
Male,56
Male,68
Female,50
Female,46
Female,56
Male,53
Female,60
Female,47
Female,46
Female,52
Female,37
Female,56
Female,60
Female,47
Male,72
Male,42
Female,38
Female,60
Male,27
Male,61
Female,53
Male,45
Female,39
Female,55
Female,34
Female,39
Male,57
Female,59
Male,65
Female,53
Female,57
Female,45
Male,31
Female,57
Female,53
Male,46
Male,50
Female,57
Female,49
Female,47
Female,67
Male,54
Female,53
Female,34
Female,62
Female,47
Male,66
Female,58
Female,42
Female,51
Female,49
Female,42
Female,58
Female,63
Female,30
Female,39
Male,40
Female,52
Female,43
Male,55
Male,54
Female,50
Female,66
Female,38
Male,47
Female,50
Female,46
Female,48
Female,34
Female,41
Female,61
Female,42
Female,46
Female,55
Female,38
Female,53
Male,58
Male,50
Female,48
NaN,55
Male,57
Female,46
Female,52
Female,57
Female,49
Female,41
Male,52
Male,62
Female,60
Female,51
Female,57
Female,51
Male,43
Male,44
Female,45
Female,50
Female,58
Female,46
Male,54
Female,59
Female,44
Male,46
NaN,56
Female,42
Female,42
Female,45
Female,56
Male,57
Female,50
Female,54
Female,51
Female,64
NaN,40
Female,52
Female,55
Female,60
Male,54
Male,43
Male,64
Female,50
Female,48
Male,39
Female,59
Female,45
Female,48
Female,55
Female,40
Female,56
Male,71
Male,36
Female,37
Male,35
Female,44
Male,38
Female,62
Female,43
Female,45
Female,47
Male,37
Female,55
Male,62
Male,50
Female,47
Female,69
Female,50
Male,62
Male,62
Female,58
Female,47
Male,39
Male,56
Male,43
Male,67
Male,50
Female,41
Male,48
Female,50
Male,61
Female,52
Female,52
Male,56
Male,61
Female,45
Male,69
Female,58
Female,49
Male,66
Female,57
Male,72
Female,59
Female,61
Male,66
Male,23
Male,53
Female,41
Male,61
Female,54
Female,52
Female,42
Male,45
Female,41
Male,52
Male,56
Female,47
Female,38
Female,40
Female,40
Female,50
Female,60
Male,38
Female,46
Female,39
Male,60
Male,67
Male,62
Male,59
Male,52
Male,65
Female,47
Female,56
Female,37
Male,47
Male,57
Female,42
Female,48
Male,53
Female,38
Female,40
Female,39
Male,41
Female,41
Female,35
Female,48
Female,60
Female,59
Male,70
Male,67
Male,65
Male,41
Female,43
Female,40
Male,70
Male,40
Female,52
Female,48
Male,35
Female,38
Female,55
Female,64
Female,44
Female,35
Female,51
Female,47
Female,43
Male,55
Female,54
Female,50
Female,64
Male,57
Male,54
Male,51
Female,68
NaN,42
Female,37
Female,51
Male,53
Male,44
Male,67
Male,58
Female,64
Female,48
Male,50
Female,57
Female,57
Male,59
Female,48
Female,43
Male,47
Male,61
Male,68
Female,52
Female,43
Female,58
Female,51
Female,33
Male,43
Female,53
Female,54
Male,61
Female,37
Female,54
Male,31
Female,40
Male,53
Female,51
Male,51
Female,54
Female,56
Female,60
Female,62
Female,55
Female,50
Female,61
Male,49
Male,53
Female,35
Female,46
Female,37
Female,63
Female,44
Male,41
Female,35
NaN,45
Male,54
Female,46
Male,60
Male,56
Female,60
Male,58
Female,41
NaN,63
Female,32
Female,41
NaN,49
Female,40
Female,66
Female,51
Female,45
Female,50
Female,36
Male,53
Female,47
Male,62
Female,59
Female,39
Male,45
Female,59
Female,60
Female,52
Male,41
Male,59
Male,64
Female,48
Male,53
Male,46
Male,61
Female,49
Female,42
Female,64
Female,53
Male,58
Female,46
Female,38
Female,47
Male,50
Male,52
Female,64
Male,50
Male,48
Female,31
Female,50
Female,58
Female,39
Male,58
Female,51
Female,46
Female,37
Male,69
Male,55
Male,54
Female,49
Male,62
Male,40
Female,54
Female,37
Female,57
Female,48
Female,47
Female,45
Female,54
Male,38
Female,49
Female,53
Female,45
Male,62
Female,50
Female,63
Male,58
Female,47
NaN,54
Female,51
Female,41
Female,42
Female,40
Male,31
Male,56
Female,55
Male,61
Male,52
Male,60
Female,55
Female,52
Female,67
Male,24
Female,47
Male,64
Female,63
Male,66
Female,50
Female,63
Male,41
Male,40
Male,59
Female,43
Female,63
Female,45
Male,28
Female,42
Male,48
Female,52
Female,41
Female,41
Female,31
Male,66
Female,45
Male,52
Female,50
Female,42
Male,40
Male,72
Female,42
Female,47
Female,38
Female,59
Male,55
Female,46
Female,56
Female,34
Female,40
Female,43
Female,39
Female,34
Female,46
Male,57
Male,38
Male,65
Female,46
Male,55
Female,47
Female,52
Male,52
Male,57
Female,40
Male,63
Female,39
Female,56
Male,54
Female,50
Female,54
Female,56
Female,47
Male,60
Female,50
Male,61
Male,71
Male,48
Female,42
Female,55
Female,53
Female,55
Male,56
NaN,44
Female,42
Female,50
Female,53
Male,63
Female,53
Female,52
Female,41
Female,43
NaN,42
Female,43
Female,48
Female,60
Male,42
Female,46
Male,35
Female,36
Male,42
Female,49
Male,38
Male,33
Female,45
Female,49
Female,47
Male,48
Male,41
Female,48
Female,51
Female,60
Male,53
Female,42
Male,47
Female,59
Male,52
Male,51
Female,46
Female,43
Female,41
Female,45
Female,43
Female,48
Female,50
Female,42
Male,54
Female,40
Female,34
Female,49
Male,49
Female,36
Female,50
Female,53
Female,48
NaN,51
Female,37
Female,51
Male,42
Male,50
Female,53
Female,62
Female,50
Female,58
Female,51
Female,57
Female,47
Female,48
Male,52
Male,48
Male,38
Female,61
NaN,31
Male,64
Male,60
Male,61
Female,48
Male,64
Male,60
Male,47
Male,58
Female,44
Female,65
Female,36
Male,50
Female,66
Male,41
Female,52
Female,55
Female,59
Male,32
Female,36
Female,56
Female,66
Female,29
Female,40
Male,66
Female,70
Female,30
Female,43
Female,52
Female,43
Male,52
Female,50
Female,44
Male,58
Female,53
Female,61
Female,48
Male,45
Male,62
Male,71
Female,47
Female,34
Female,55
Female,41
Female,60
Female,44
Male,39
Female,61
Female,46
Female,45
Male,66
Male,47
Male,34
Female,57
Female,42
Male,63
NaN,42
Female,54
Female,51
Female,42
Female,41
Female,34
Male,46
Female,49
Female,46
Female,51
Female,37
Male,51
Female,63
Male,52
Male,56
Female,36
Female,50
Female,29
Male,42
Female,49
Male,45
Female,52
Female,47
Female,51
Female,59
Male,44
Female,22
Male,41
Female,67
Female,43
Female,35
Female,52
Female,46
Female,42
Male,63
Female,46
Male,46
Female,61
Female,42
Female,52
Female,40
Female,40
Female,45
Female,55
Female,55
Female,50
Male,31
Female,40
Female,47
Female,46
Female,54
Male,46
Female,55
Female,46
Female,46
Female,48
Female,52
Female,36
Female,50
Male,58
Female,32
Female,47
Male,54
Male,61
Male,57
Female,57
Female,51
Male,62
Male,49
Female,54
Female,46
Female,51
Female,59
Female,46
Male,51
Male,43
Male,58
Male,50
Female,45
Female,41
Female,48
Female,32
Male,62
Female,47
Female,32
Male,65
Male,52
Male,59
Male,72
Female,46
NaN,52
Male,64
Female,43
Female,47
Female,45
Male,65
Male,46
Male,55
Female,49
Female,65
Female,38
Female,36
Female,64
Male,60
Female,42
Male,38
Female,41
Female,56
Female,58
Female,56
Female,30
Male,58
Female,60
Female,52
Female,44
Female,54
Male,61
Female,37
Female,50
Male,56
Female,56
Male,48
Female,43
Male,69
Female,51
Female,46
Female,42
Male,68
Female,52
Female,44
Male,59
Female,39
Male,66
Male,67
Female,49
Male,54
Male,63
Female,39
Female,39
Male,63
Male,59
Female,59
Female,43
NaN,45
Female,63
Female,44
Female,35
Male,39
Female,33
Female,51
Female,36
Male,48
Female,45
Male,58
Female,48
Female,52
Female,42
Male,70
Female,55
Female,54
Female,48
Male,57
Female,55
Male,45
Female,52
Female,49
Female,47
Male,56
Male,42
Male,40
Male,39
Female,46
Female,42
Male,39
Female,45
Male,61
Female,54
Female,44
Male,37
Male,65
Male,36
Female,51
Male,52
Female,57
Female,42
Female,50
Female,43
Male,54
Female,43
Female,47
Male,72
Male,60
Male,54
Female,47
Female,37
Female,39
Male,65
NaN,46
Female,51
Female,42
Male,66
Female,40
Female,47
Female,34
Female,69
Female,56
Female,46
Female,42
Female,40
Female,40
Male,35
Female,49
Male,69
Male,49
Female,58
Male,54
Male,61
Male,39
Female,42
Female,26
Male,69
Male,50
Female,50
Female,34
Female,56
Male,59
Female,32
Female,39
Female,52
Female,36
Female,52
Female,50
Female,41
Female,54
Female,56
Female,39
Female,51
Female,55
Female,50
Female,50
Female,47
Male,64
Female,49
Female,45
Male,67
Female,38
Female,42
Male,50
Female,50
Female,41
Male,54
Female,31
Female,40
Female,64
Female,58
Male,48
Female,28
Female,48
Female,33
Female,40
Male,55
Female,55
Female,35
Male,51
Female,50
Male,34
Female,56
Female,43
Female,41
Female,57
Female,62
Male,50
Male,39
Female,42
Female,60
Male,60
Male,41
Female,52
Female,52
Female,46
Male,54
Male,50
Female,52
Female,42
Female,54
Male,70
Female,49
Female,39
Male,35
Male,57
Female,40
Female,39
Female,58
Male,39
Female,49
Female,50
Male,59
Female,50
Female,41
Male,49
Female,59
Male,53
Female,69
Male,61
Female,61
Female,28
Female,47
Male,60
Female,46
Male,59
Female,53
Male,35
Female,56
Male,61
Female,48
Male,69
Female,34
Female,46
Female,53
Male,58
Female,49
Female,50
Female,53
NaN,50
Male,40
Female,59
Female,40
Female,38
Male,60
Male,39
Male,66
Female,40
Female,31
Female,63
Male,47
Female,63
Male,35
Female,51
Male,69
Female,55
Male,57
Female,34
Male,50
Male,52
Female,41
Female,40
Male,63
Female,64
Male,44
Male,54
Male,53
Female,43
Female,43
Female,54
Male,59
Female,39
Female,52
Female,39
Male,46
Female,NaN
Female,NaN
Male,NaN
Female,NaN
Female,NaN
Female,NaN
Female,NaN
Female,NaN
Female,NaN
Female,NaN
Female,NaN
Male,NaN
Female,NaN
Female,NaN
Female,NaN
Female,NaN
Male,NaN
NaN,NaN
Female,NaN
Female,NaN
Male,NaN
Female,NaN
Female,NaN
Male,NaN
Female,NaN
Female,NaN
Female,NaN
Female,NaN
Female,NaN
Female,NaN
Female,NaN
Female,NaN
Male,NaN
Female,NaN
Female,NaN
Female,NaN
Female,NaN
Female,NaN
Male,NaN
Male,NaN
Female,NaN
Female,NaN
Male,NaN
Female,NaN
Female,NaN
Male,NaN
Female,NaN
Male,NaN
Female,NaN
Female,NaN
Male,NaN
Male,NaN
Female,NaN
Female,NaN
Female,NaN
Male,NaN
Female,NaN
Female,NaN
Female,NaN
Female,NaN
Male,NaN
Female,NaN
Male,NaN
Female,NaN
Female,NaN
Female,NaN
Female,NaN
Male,NaN
Female,NaN
Female,NaN
Female,NaN
Female,NaN
Female,NaN
Female,NaN
Male,NaN
Female,NaN
Female,NaN
Male,NaN
Male,NaN
Male,NaN
Female,NaN
Female,NaN
Male,NaN
Female,NaN
Male,NaN
Female,NaN
Female,NaN
Female,NaN
Female,NaN
Female,NaN
Male,NaN
Male,NaN
Female,NaN
Female,NaN
Female,NaN
Male,NaN
Female,NaN
Male,NaN
Female,NaN
Male,NaN
Female,NaN
Male,NaN
Female,NaN
Female,NaN
Male,NaN
Female,NaN
Female,NaN
Female,NaN
Male,NaN
Female,NaN
Female,NaN
Male,NaN
Female,NaN
Female,NaN
Male,NaN
Female,NaN
Female,NaN
Male,NaN
Female,NaN
Female,NaN
Male,NaN
Female,NaN
Female,NaN
Male,NaN
Female,NaN
Female,NaN
Male,NaN
Male,NaN
Male,NaN
Male,NaN
Male,NaN
Female,NaN
Female,NaN
Female,NaN
Female,NaN
Male,NaN
Male,NaN
Female,NaN
Female,NaN
Female,NaN
Female,NaN
Female,NaN
Male,NaN
Female,NaN
Female,NaN
Male,NaN
Female,NaN
Female,NaN
Male,NaN
Female,NaN
Female,NaN
Male,NaN
Male,NaN
Female,NaN
Female,NaN
Female,NaN
Male,NaN
Female,NaN
Female,NaN
Female,NaN
Female,NaN
Female,NaN
Male,NaN
Female,NaN
Female,NaN
Male,NaN
Female,NaN
Male,NaN
Female,NaN
Female,NaN
Male,NaN
Female,NaN
Female,NaN
Male,NaN
Male,NaN
Female,NaN
Female,NaN
Female,NaN
Male,NaN
Female,NaN
Male,NaN
Male,NaN
Female,NaN
NaN,NaN
Male,NaN
Female,NaN
Female,NaN
Female,NaN
Female,NaN
Male,NaN
Female,NaN
Male,NaN
Female,NaN
Female,NaN
Female,NaN
Female,NaN
Female,NaN
Male,NaN
Female,NaN
Female,NaN
Female,NaN
Female,NaN
Female,NaN
Female,NaN
Female,NaN
Female,NaN
Female,NaN
Female,NaN
Female,NaN
Female,NaN
Female,NaN
Male,NaN
Male,NaN
Female,NaN
Male,NaN
Female,NaN
Male,NaN
Male,NaN
Male,NaN
Female,NaN
Female,NaN
Male,NaN
Male,NaN
Female,NaN
Female,NaN
Female,NaN
Female,NaN
Male,NaN
Male,NaN
Female,NaN
Female,NaN
Male,NaN
Male,NaN
Female,NaN
Female,NaN
Male,NaN
Male,NaN
Male,NaN
Male,NaN
Male,NaN
Female,NaN
Female,NaN
Female,NaN
Female,NaN
Female,NaN
Male,NaN
Female,NaN
Male,NaN
Female,NaN
Male,NaN
Female,NaN
Male,NaN
Female,NaN
Female,NaN
Female,NaN
Female,NaN
Male,NaN
Male,NaN
Female,NaN
Female,NaN
Female,NaN
Male,NaN
Female,NaN
Female,NaN
Male,NaN
Male,NaN
Male,NaN
Female,NaN
Female,NaN
Female,NaN
Female,NaN
Female,NaN
Female,NaN
Female,NaN
Male,NaN
Female,NaN
Male,NaN
Female,NaN
Female,NaN
Female,NaN
Female,NaN
Female,NaN
Male,NaN
Female,NaN
Female,NaN
Male,NaN
Male,NaN
Male,NaN
Female,NaN
Female,NaN
Female,NaN
Male,NaN
Male,NaN
Female,NaN
Male,NaN
Female,NaN
Male,NaN
Female,NaN
Female,NaN
Female,NaN
Female,NaN
Female,NaN
Female,NaN
Female,NaN
Female,NaN
Female,NaN
Male,NaN
Male,NaN
Female,NaN
NaN,NaN
Female,NaN
Female,NaN
Female,NaN
Male,NaN
Female,NaN
Male,NaN
Female,NaN
Male,NaN
Female,NaN
Female,NaN
Female,NaN
Male,NaN
Male,NaN
Female,NaN
Male,NaN
Female,NaN
Female,NaN
Female,NaN
Female,NaN
Female,NaN
Female,NaN
Female,NaN
Male,NaN
Female,NaN
Female,NaN
Female,NaN
Male,NaN
Female,NaN
Male,NaN
Female,NaN
Female,NaN
Female,NaN
Male,NaN
Female,NaN
Male,NaN
Male,NaN
Female,NaN
Female,NaN
NaN,NaN
Female,NaN
Male,NaN
Male,NaN
Female,NaN
Female,NaN
Female,NaN
Female,NaN
Male,NaN
Male,NaN
Female,NaN
Male,NaN
Male,NaN
Female,NaN
Female,NaN
Female,NaN
Male,NaN
Male,NaN
Male,NaN
Female,NaN
NaN,NaN
Female,NaN
Female,NaN
Female,NaN
Female,NaN
Female,NaN
Female,NaN
Female,NaN
Female,NaN
Male,NaN
Female,NaN
Female,NaN
Female,NaN
Male,NaN
Female,NaN
Female,NaN
Female,NaN
Female,NaN
Female,NaN
Female,NaN
Female,NaN
Female,NaN
Female,NaN
Female,NaN
NaN,NaN
Female,NaN
Male,NaN
Female,NaN
Female,NaN
Male,NaN
Female,NaN
Male,NaN
Female,NaN
Female,NaN
Male,NaN
Female,NaN
Female,NaN
Female,NaN
Female,NaN
Female,NaN
Female,NaN
Female,NaN
Male,NaN
Male,NaN
Female,NaN
Female,NaN
Female,NaN
Female,NaN
Male,NaN
Female,NaN
Female,NaN
Female,NaN
Female,NaN
Female,NaN
Female,NaN
Male,NaN
Female,NaN
Female,NaN
Male,NaN
NaN,NaN
Male,NaN
NaN,NaN
Female,NaN
Female,NaN
Female,NaN
Female,NaN
Female,NaN
Female,NaN
Female,NaN
Female,NaN
Female,NaN
Female,NaN
Female,NaN
Male,NaN
Female,NaN
Female,NaN
Female,NaN
Female,NaN
Male,NaN
Female,NaN
Female,NaN
Female,NaN
Female,NaN
Female,NaN
Female,NaN
Female,NaN
Male,NaN
Female,NaN
Female,NaN
Female,NaN
Female,NaN
Female,NaN
Female,NaN
Female,NaN
Female,NaN
Female,NaN
Female,NaN
Female,NaN
Female,NaN
Female,NaN
Female,NaN
Female,NaN
Female,NaN
Female,NaN
Female,NaN
Male,NaN
Male,NaN
Female,NaN
Female,NaN
Female,NaN
Female,NaN
Female,NaN
Female,NaN
Male,NaN
Male,NaN
Female,NaN
Female,NaN
Male,NaN
Female,NaN
Female,NaN
Female,NaN
Male,NaN
Female,NaN
Female,NaN
Female,NaN
Male,NaN
Male,NaN
Male,NaN
Female,NaN
Female,NaN
Male,NaN
Female,NaN
Female,NaN
NaN,NaN
Female,NaN
Male,NaN
Female,NaN
Female,NaN
Female,NaN
Female,NaN
Female,NaN
Male,NaN
Female,NaN
Female,NaN
Female,NaN
Female,NaN
Female,NaN
Female,NaN
Female,NaN
Female,NaN
Male,NaN
Female,NaN
Female,NaN
Female,NaN
Female,NaN
Male,NaN
Female,NaN
Male,NaN
Female,NaN
Female,NaN
Female,NaN
Female,NaN
Male,NaN
Female,NaN
Female,NaN
Female,NaN
Female,NaN
Female,NaN
Female,NaN
Female,NaN
Female,NaN
Male,NaN
Female,NaN
Female,NaN
Female,NaN
Female,NaN
Male,NaN
Female,NaN
Male,NaN
Female,NaN
Male,NaN
Male,NaN
Female,NaN
Male,NaN
Female,NaN
Female,NaN
Female,NaN
Female,NaN
Male,NaN
Female,NaN
Female,NaN
Female,NaN
Male,NaN
Male,NaN
Female,NaN
Female,NaN
Female,NaN
Female,NaN
Female,NaN
Male,NaN
Male,NaN
Female,NaN
Female,NaN
Female,NaN
Female,NaN
Male,NaN
Female,NaN
Male,NaN
Male,NaN
Male,NaN
Female,NaN
Male,NaN
Female,NaN
Female,NaN
Male,NaN
Female,NaN
Female,NaN
Female,NaN
Female,NaN
Female,NaN
Male,NaN
Female,NaN
Female,NaN
Female,NaN
Female,NaN
Male,NaN
Female,NaN
Male,NaN
Female,NaN
Female,NaN
Female,NaN
Male,NaN
Female,NaN
Female,NaN
Female,NaN
Female,NaN
Female,NaN
Female,NaN
Female,NaN
Female,NaN
Female,NaN
Male,NaN
Female,NaN
Female,NaN
NaN,NaN
Female,NaN
Male,NaN
Female,NaN
Female,NaN
Male,NaN
Female,NaN
Male,NaN
Female,NaN
Female,NaN
Male,NaN
Female,NaN
Male,NaN
Female,NaN
Male,NaN
Male,NaN
Female,NaN
Female,NaN
Male,NaN
NaN,NaN
Female,NaN
Male,NaN
Female,NaN
Female,NaN
Female,NaN
Male,NaN
Male,NaN
Female,NaN
Female,NaN
Female,NaN
Male,NaN
Male,NaN
Male,NaN
Female,NaN
Female,NaN
Female,NaN
Female,NaN
Female,NaN
Female,NaN
Female,NaN
Male,NaN
Female,NaN
Female,NaN
Female,NaN
Male,NaN
Male,NaN
Male,NaN
Female,NaN
Male,NaN
Female,NaN
Female,NaN
Female,NaN
Female,NaN
Female,NaN
Female,NaN
Female,NaN
Female,NaN
Female,NaN
Female,NaN
Female,NaN
Female,NaN
Male,NaN
Female,NaN
Female,NaN
Female,NaN
Female,NaN
Female,NaN
Female,NaN
Male,NaN
Female,NaN
Female,NaN
Male,NaN
Female,NaN
Female,NaN
Female,NaN
Female,NaN
Female,NaN
Female,NaN
Female,NaN
Female,NaN
Female,NaN
Female,NaN
Female,NaN
Female,NaN
Female,NaN
Female,NaN
Female,NaN
Male,NaN
Female,NaN
Female,NaN
Male,NaN
Male,NaN
Female,NaN
Female,NaN
Female,NaN
Female,NaN
Male,NaN
Female,NaN
Male,NaN
Female,NaN
Female,NaN
Male,NaN
Male,NaN
Female,NaN
Female,NaN
Female,NaN
Female,NaN
Female,NaN
Female,NaN
Female,NaN
Female,NaN
Female,NaN
Female,NaN
Male,NaN
Female,NaN
Female,NaN
Female,NaN
Female,NaN
Female,NaN
Female,NaN
Female,NaN
Male,NaN
Female,NaN
Female,NaN
Female,NaN
Female,NaN
Female,NaN
Female,NaN
Male,NaN
Female,NaN
Female,NaN
Female,NaN
NaN,NaN
Female,NaN
Female,NaN
Male,NaN
Female,NaN
Male,NaN
Female,NaN
Male,NaN
Female,NaN
Female,NaN
Female,NaN
Female,NaN
Male,NaN
Female,NaN
Female,NaN
Female,NaN
Female,NaN
Female,NaN
Female,NaN
Male,NaN
Female,NaN
Female,NaN
Male,NaN
Male,NaN
Male,NaN
Male,NaN
Male,NaN
Female,NaN
Female,NaN
Female,NaN
Male,NaN
Female,NaN
Female,NaN
Male,NaN
Male,NaN
Male,NaN
Female,NaN
Male,NaN
Female,NaN
Male,NaN
Female,NaN
Male,NaN
Female,NaN
Female,NaN
Female,NaN
Female,NaN
Female,NaN
Female,NaN
Female,NaN
Female,NaN
Female,NaN
Male,NaN
Female,NaN
Female,NaN
Female,NaN
Female,NaN
Female,NaN
Female,NaN
Female,NaN
Male,NaN
Female,NaN
Female,NaN
Female,NaN
Male,NaN
Female,NaN
Female,NaN
Male,NaN
Female,NaN
Male,NaN
Female,NaN
Male,NaN
Female,NaN
Female,NaN
Female,NaN
Male,NaN
Female,NaN
Female,NaN
Female,NaN
Female,NaN
Female,NaN
Female,NaN
Female,NaN
Female,NaN
Female,NaN
Female,NaN
Female,NaN
Female,NaN
Female,NaN
Female,NaN
Male,NaN
Male,NaN
Female,NaN
Female,NaN
Male,NaN
Male,NaN
Female,NaN
Male,NaN
Male,NaN
Female,NaN
Male,NaN
Male,NaN
Female,NaN
Female,NaN
Male,NaN
Female,NaN
Female,NaN
Female,NaN
Female,NaN
Female,NaN
Female,NaN
Female,NaN
Male,NaN
Female,NaN
Female,NaN
Male,NaN
Female,NaN
Female,NaN
Male,NaN
Female,NaN
Female,NaN
Female,NaN
Male,NaN
Male,NaN
Male,NaN
Male,NaN
Female,NaN
Female,NaN
Female,NaN
Female,NaN
Female,NaN
Male,NaN
Female,NaN
Female,NaN
Female,NaN
Female,NaN
Female,NaN
Female,NaN
Female,NaN
Female,NaN
Female,NaN
Female,NaN
Male,NaN
Female,NaN
Male,NaN
Female,NaN
Female,NaN
Female,NaN
Female,NaN
Male,NaN
Female,NaN
Male,NaN
Male,NaN
Female,NaN
Female,NaN
Male,NaN
Female,NaN
Female,NaN
Male,NaN
Female,NaN
Female,NaN
Female,NaN
Male,NaN
Male,NaN
Female,NaN
Female,NaN
Male,NaN
Male,NaN
Female,NaN
NaN,NaN
Male,NaN
Female,NaN
Female,NaN
Female,NaN
Male,NaN
Female,NaN
Female,NaN
Male,NaN
Female,NaN
Female,NaN
Female,NaN
Female,NaN
Female,NaN
Male,NaN
Female,NaN
Male,NaN
Female,NaN
Female,NaN
Male,NaN
Female,NaN
Female,NaN
Female,NaN
Female,NaN
Male,NaN
Male,NaN
Male,NaN
Female,NaN
Male,NaN
Female,NaN
Female,NaN
Male,NaN
Female,NaN
Male,NaN
Female,NaN
Female,NaN
Male,NaN
Male,NaN
Female,NaN
Female,NaN
Male,NaN
NaN,NaN
Female,NaN
Female,NaN
Female,NaN
Female,NaN
Female,NaN
Female,NaN
Female,NaN
Female,NaN
Female,NaN
Female,NaN
Female,NaN
Male,NaN
Female,NaN
Male,NaN
Male,NaN
Female,NaN
Female,NaN
Male,NaN
Female,NaN
Female,NaN
Female,NaN
Female,NaN
Female,NaN
Female,NaN
Male,NaN
Female,NaN
Female,NaN
Female,NaN
Female,NaN
Female,NaN
Male,NaN
Male,NaN
Male,NaN
Female,NaN
Female,NaN
NaN,NaN
Female,NaN
Female,NaN
Female,NaN
Female,NaN
Male,NaN
Female,NaN
Female,NaN
Male,NaN
Male,NaN
Female,NaN
Female,NaN
Female,NaN
Female,NaN
Female,NaN
Female,NaN
Male,NaN
Male,NaN
Male,NaN
Female,NaN
Female,NaN
Female,NaN
Female,NaN
Male,NaN
Male,NaN
Male,NaN
Female,NaN
Female,NaN
Female,NaN
Female,NaN
Male,NaN
Female,NaN
Male,NaN
Male,NaN
Male,NaN
NaN,NaN
Female,NaN
Female,NaN
NaN,NaN
Female,NaN
Female,NaN
Female,NaN
Female,NaN
Female,NaN
Female,NaN
Male,NaN
Male,NaN
NaN,NaN
Female,NaN
Male,NaN
Male,NaN
Female,NaN
Female,NaN
Female,NaN
Female,NaN
Female,NaN
Male,NaN
Female,NaN
Female,NaN
Female,NaN
Female,NaN
Female,NaN
NaN,NaN
Female,NaN
Female,NaN
Male,NaN
Male,NaN
Male,NaN
Male,NaN
Female,NaN
Female,NaN
Male,NaN
Female,NaN
Female,NaN
Female,NaN
Female,NaN
Female,NaN
Female,NaN
Female,NaN
Male,NaN
Female,NaN
Male,NaN
Male,NaN
Female,NaN
Female,NaN
Male,NaN
Female,NaN
Male,NaN
Female,NaN
Male,NaN
Female,NaN
Female,NaN
Female,NaN
Male,NaN
Female,NaN
Female,NaN
Female,NaN
Female,NaN
Female,NaN
Male,NaN
Female,NaN
Male,NaN
Female,NaN
Female,NaN
Female,NaN
Male,NaN
Female,NaN
Male,NaN
Male,NaN
Female,NaN
Male,NaN
Female,NaN
Male,NaN
Female,NaN
Male,NaN
Female,NaN
Male,NaN
Female,NaN
Male,NaN
Female,NaN
Female,NaN
Female,NaN
Female,NaN
NaN,NaN
Female,NaN
Female,37
Female,35
Female,60
Female,42
Female,48
Male,68
Male,40
Male,67
Male,64
Female,65
Female,33
Female,54
Male,43
Female,51
Male,31
Female,41
Female,41
Male,32
Male,69
Female,43
Female,43
Female,53
Male,56
Male,48
Male,57
Female,60
Female,41
Male,52
Female,37
Male,42
Female,43
Female,39
Female,51
Female,57
Male,43
Female,49
Female,58
Male,68
Male,65
Female,45
Female,50
Female,46
Female,34
Male,52
Female,57
Male,54
Female,49
Male,57
Male,53
Male,60
Female,45
Male,52
Male,62
Female,49
Female,46
Female,36
Female,49
Female,59
Female,51
Male,49
Female,43
Female,45
Female,45
Male,66
Male,71
Female,47
Female,49
Female,28
Male,53
Female,46
Male,60
Female,48
Male,43
Female,60
Male,62
Female,36
Male,47
Male,62
Male,63
Female,57
Female,44
Female,53
Male,60
Female,62
Male,43
Female,31
Female,35
Female,59
Female,50
Male,57
Male,51
Female,50
Male,46
Female,36
Male,68
Female,47
Female,45
Male,47
Female,48
Male,44
Female,48
Male,40
Male,44
Female,37
Female,43
Female,58
Female,48
Male,42
Female,36
Female,36
Female,43
Male,69
Female,40
Female,63
Female,44
Female,44
Male,55
Female,57
Male,70
Female,61
Female,39
Male,65
Female,69
Female,64
Female,46
Male,45
Male,61
Male,53
Female,56
Male,39
Male,68
Male,61
Female,63
Female,47
Female,49
Male,57
Male,41
Female,44
Female,44
Male,58
Female,55
Female,50
Female,44
NaN,47
Female,57
Male,57
Female,50
Female,51
Male,34
Female,40
Female,55
Female,67
Male,44
Female,40
Female,45
Female,40
Male,40
Female,55
Male,68
Female,36
Female,44
Male,67
Male,56
Male,70
Female,39
Female,44
Female,62
Female,62
Female,55
Male,60
Female,51
Female,51
Female,52
Female,47
Male,51
Female,50
Female,42
Female,51
Female,41
Female,55
Female,46
Female,55
Male,43
Female,24
Female,55
Male,66
Female,70
Female,55
Female,41
Male,64
Female,49
Female,54
Male,44
Female,54
Male,55
Female,54
Female,64
Male,63
Female,36
Female,52
Male,41
Male,60
Female,39
Male,33
Female,43
Female,30
Male,53
Female,45
Female,52
Male,71
Female,50
Male,66
Male,64
Female,44
Male,71
Female,53
Female,27
Female,45
Male,62
Male,62
Male,63
Male,52
Female,44
Female,30
Male,46
Male,58
Female,51
Female,54
Female,65
Male,53
Female,62
Female,30
Female,54
Female,50
Female,56
Female,59
Female,53
Male,68
Male,64
Male,54
Female,60
Female,46
Female,56
Male,41
Male,47
Male,39
Male,46
Female,61
Female,44
Male,45
Male,72
Male,68
Female,46
Female,63
Female,48
Female,47
Female,38
Male,68
Female,46
Male,42
Female,54
Female,56
Female,40
Male,47
Female,42
Male,65
Male,63
Male,63
Male,68
Female,51
Female,62
Female,50
Female,62
Male,71
Female,35
Male,49
Female,30
Female,47
Female,61
Female,50
Female,71
Male,50
Male,67
Female,49
Female,49
Female,31
Female,59
Female,31
Female,49
Male,46
Female,46
Female,58
Male,29
Female,44
Female,41
Female,45
Female,59
Female,49
Female,56
Female,45
Male,68
Female,66
Male,45
Male,32
Male,67
Male,58
Female,52
Male,60
Female,58
Male,54
Male,71
Female,46
Female,56
Female,38
Female,48
Female,65
Male,39
Male,69
Male,52
Male,43
Male,41
Male,62
Male,60
Male,52
Male,49
Male,60
Male,49
Female,45
Male,46
Female,49
Female,60
Female,42
Male,62
Male,55
Female,55
Male,38
Female,48
Male,50
Female,51
Female,44
Female,52
Female,67
Female,52
Male,66
Male,66
Male,68
Female,50
Male,65
Female,51
Female,36
Female,52
Female,53
Male,44
Female,40
Female,50
Female,46
Female,55
Male,61
Female,57
Female,59
Female,62
Female,43
Male,25
Male,62
Female,44
Female,64
Male,53
Male,35
Female,54
Female,50
Male,57
Female,52
Male,40
Female,57
Female,51
Female,47
Female,66
Female,54
Female,59
Female,54
Female,48
Female,47
Female,47
Female,49
Male,69
Female,55
Male,58
Male,62
Female,54
Male,64
Male,56
Female,45
Female,36
Male,69
Female,51
Female,51
Female,38
Female,57
Male,42
Female,52
Male,69
Female,51
Male,44
Female,55
Female,59
Female,46
Male,49
Female,48
Female,57
Female,35
Female,39
Female,43
Female,53
Female,51
Female,40
Male,69
Female,61
Female,37
Female,45
Male,61
Male,52
Female,60
Male,57
Female,41
Female,46
Male,40
Female,62
Female,49
Female,64
Female,43
Female,55
Female,56
Female,40
Female,46
Female,44
Female,45
Female,46
Male,67
Male,68
Female,55
Male,48
Male,46
Female,64
Male,61
Female,42
Female,47
Female,45
Female,39
Female,48
Female,67
Male,70
Female,52
Female,63
Female,52
Female,41
Female,65
Female,56
Female,49
Male,50
Female,36
Female,41
Female,55
Male,53
Female,52
Male,54
Female,58
Female,48
Female,53
Female,52
Female,58
Female,42
Male,65
Female,59
Female,42
Female,39
Female,47
Female,64
Male,67
Male,57
Female,34
Male,53
Male,53
Female,45
Male,46
Male,43
Female,45
Male,39
Female,30
Male,56
Male,71
Female,59
Male,45
Female,52
Male,66
Female,53
Male,60
Male,71
Female,49
Male,61
Female,54
Female,48
Male,37
Female,42
Female,38
Female,28
Male,53
Male,50
Female,41
Female,69
Female,55
Female,57
Male,50
Female,58
Female,63
Female,47
Female,53
Female,55
Female,58
Male,56
Female,52
Female,58
Male,52
Female,46
Female,44
Male,55
Male,65
Female,35
Female,48
Female,33
Female,57
Male,53
Female,40
Female,60
Female,34
Female,49
Female,52
Female,64
Female,38
Female,51
Female,50
Female,65
Male,71
Female,44
Female,36
Female,60
Male,72
Female,40
Female,51
Female,46
Female,53
Female,59
Female,61
Female,60
Female,66
Female,41
Male,48
Female,51
Female,46
Female,50
Female,55
Female,55
Female,53
Female,50
Male,53
Male,61
Female,53
Female,60
Female,53
Female,48
Female,33
Male,36
Female,63
Male,50
Female,42
Female,44
Female,50
Female,47
Female,37
Female,55
Female,26
Female,37
Female,50
Female,55
Female,39
Female,40
Female,47
Female,47
Female,38
Female,37
Male,57
Male,67
Female,53
Female,40
Female,63
Male,45
Female,55
Female,45
Female,51
Male,63
Male,40
Female,47
NaN,51
Female,55
Male,52
Male,40
Female,46
Female,67
Female,36
Female,49
Male,35
Female,50
Male,63
Male,44
Female,41
Female,45
Female,52
Female,63
Male,47
Female,42
Female,42
Male,34
Male,44
Male,50
Male,62
Female,66
Male,48
Female,44
Female,55
Female,29
Female,54
Female,41
Female,50
Female,57
Female,41
Female,44
Male,46
Female,52
Female,62
Female,67
Female,49
Female,41
Male,65
Male,58
Male,49
Female,63
Male,46
Female,48
Male,37
Female,47
Female,58
Female,39
Female,37
Male,60
Female,38
Male,51
Female,47
Male,69
Female,57
Female,56
Female,41
Female,45
Female,57
Female,49
Male,65
Male,61
Male,34
Male,48
Male,69
Female,49
Female,55
Male,60
Female,58
Female,42
Female,50
Female,46
Female,54
Male,58
Female,58
Female,53
Female,35
Female,26
Female,50
Male,57
Male,63
Female,46
Male,36
Male,59
Male,72
Female,38
Female,54
Female,66
Female,58
Male,51
Female,60
Male,50
Female,37
Female,38
Female,60
Female,48
Female,54
Female,63
Male,57
Female,51
Male,58
Female,37
Male,45
Female,39
Male,40
Female,54
Male,70
Female,39
Male,60
Female,54
Female,51
Female,53
Female,44
Female,64
Female,43
Female,50
Male,25
Female,43
Male,47
Female,64
Female,45
Female,39
Female,52
Male,50
Female,49
Female,67
Female,50
Male,55
Female,46
Male,53
Female,41
Female,46
Female,42
Male,72
Female,24
Female,46
Female,70
Male,55
Male,66
Male,69
Male,69
Male,44
Male,48
Male,30
Male,64
Female,56
Male,41
Male,49
Male,54
Male,62
NaN,59
Female,55
Female,35
Male,52
Male,71
Female,61
Female,53
Male,60
Male,45
Male,56
Female,52
Female,70
Male,65
Male,54
Female,41
Female,45
Female,48
Male,49
Female,56
Female,40
Female,46
Female,39
Female,43
NaN,54
Male,55
Female,52
Male,44
Female,43
Female,29
Female,55
Female,65
Female,46
Female,45
Female,59
Male,57
Female,54
Male,68
Female,59
Female,48
Female,62
Female,50
Female,49
Female,54
Male,61
Female,55
Female,54
Male,40
Male,70
Female,41
Female,44
Female,68
Female,51
Female,45
Female,57
Male,65
Female,53
Male,37
Male,31
Female,38
Male,72
Female,43
Female,52
Female,38
Female,70
Female,55
Female,53
Female,57
Female,54
Female,52
Female,46
Female,45
Female,61
NaN,47
Female,53
Female,33
Female,36
Female,37
Female,46
Female,22
Female,35
Female,40
Male,32
Female,36
Female,50
Female,43
Female,30
Male,32
Female,65
Male,29
Female,59
Male,60
Male,52
Female,42
Male,70
Male,42
Male,66
Male,57
Female,34
Male,49
Female,31
Male,47
Female,34
Male,66
Female,49
Female,45
Female,44
Female,53
Female,56
Female,41
Female,36
Female,48
Female,44
Female,43
Male,63
Female,45
Male,63
Male,67
Male,72
Female,44
Male,45
Female,47
Female,31
Female,39
Female,44
Male,47
Female,55
Female,36
Female,71
Male,50
Female,52
Male,46
Female,47
Female,56
Male,63
NaN,28
Male,66
Female,36
Female,50
Female,36
Male,50
Male,69
Female,48
Female,52
Female,31
Female,48
Male,64
Female,59
Female,40
Male,62
Female,40
Female,61
Female,55
Female,45
Female,58
Female,65
Female,53
Male,51
Female,51
Female,53
Female,27
Female,55
Female,49
Male,51
Female,50
Female,46
Female,43
Male,44
Male,50
Male,71
Male,52
Male,52
Female,30
Male,36
Male,47
Male,42
Male,61
Female,47
Female,38
Male,49
Male,48
Male,56
Female,50
Male,36
Female,41
Female,50
Female,39
Female,33
Male,51
Female,43
Female,61
Female,31
Male,57
Female,43
Female,43
Male,44
Male,48
Female,50
Female,46
Female,61
Female,48
Female,44
Female,47
NaN,62
Male,60
Female,64
Male,51
Female,46
Female,41
Male,55
Male,56
Female,52
Male,42
Female,36
Female,37
Female,41
Female,55
Male,48
Female,40
Female,44
Female,48
Female,47
Female,44
Male,63
Female,46
Male,40
Male,56
Female,55
Female,46
Female,44
Female,50
Male,44
Male,46
Female,35
Male,33
Male,64
Male,42
Male,47
Male,60
Male,41
Male,57
Male,71
Female,57
Male,47
Female,43
Male,42
Female,39
Female,47
Female,51
Male,66
Female,38
Male,52
Female,46
Female,58
Male,38
Female,58
Male,72
Female,39
Female,30
Male,52
Male,41
Female,45
Male,51
Male,43
Female,50
Female,49
Male,70
Female,38
Female,54
Female,49
Male,70
Male,59
Male,58
Male,62
Female,55
Female,44
Female,44
Male,48
Female,47
Female,35
Female,63
Male,44
Female,51
Male,35
Female,54
Female,22
Female,61
Female,50
Female,50
Female,58
Male,46
Female,62
Female,52
Female,46
NaN,25
Female,39
Male,46
Female,58
Female,56
Male,45
Male,44
Female,39
Male,57
Female,53
Female,56
Male,58
Female,68
Female,51
Female,60
Female,54
Male,48
Female,65
Female,58
Male,70
Female,39
Male,64
Female,50
Female,42
Male,42
Female,53
Female,55
Female,36
Female,42
Female,31
Female,42
Female,38
Female,47
Female,36
Male,38
Male,59
Female,64
Female,56
Male,45
Male,57
Female,39
Female,67
Male,53
Male,55
Male,48
Female,55
Female,42
Female,40
Female,33
Female,48
Female,55
Male,40
Female,63
Female,45
Female,43
Female,41
Female,58
Male,59
Male,61
Male,47
Male,61
Female,45
Female,49
Female,60
Female,54
Female,52
Female,50
Male,42
Female,56
Male,47
Female,43
Female,57
Male,71
Male,58
Female,52
Female,62
Female,46
Female,42
Female,45
Male,64
Female,37
Male,38
Male,67
Female,44
Female,50
Female,38
Male,65